ACTION_NAME,COUNT,AVERAGE_TIME_IN_SECONDS
runAction1,41728,0.984506
runAction2,41728,0.007305
runAction3,41728,0.091153
runAction4,41728,0.006010
runAction5,41728,0.004212
runAction6,41728,0.007992
runAction7,41728,0.001819
runAction8,41728,0.309877
