ACTION_NAME,COUNT,AVERAGE_TIME_IN_SECONDS
runAction1,31935,0.166476
runAction2,31935,0.000602
runAction3,31935,0.004248
runAction4,31935,0.000419
runAction5,31935,0.000149
runAction6,31935,0.000284
runAction7,31935,0.000247
runAction8,31935,0.045991
