ACTION_NAME,COUNT,AVERAGE_TIME_IN_SECONDS
runAction1,43873,0.354204
runAction2,43873,0.000812
runAction3,43873,0.000210
runAction4,43873,0.000385
runAction5,43873,0.000178
runAction6,43873,0.000356
runAction7,43873,0.000563
runAction8,43873,0.070846
