ACTION_NAME,COUNT,AVERAGE_TIME_IN_SECONDS
runAction1,47151,1.045872
runAction2,47151,0.003288
runAction3,47151,0.001853
runAction4,47151,0.001506
runAction5,47151,0.000781
runAction6,47151,0.002329
runAction7,47151,0.006275
runAction8,47151,0.206932
